date,rain_mm,et0_mm,site
2025-12-01,0.1,3.86,an_giang
2025-12-02,10.1,4.15,an_giang
2025-12-03,27.9,3.31,an_giang
2025-12-04,21.9,2.84,an_giang
2025-12-05,1.5,4.02,an_giang
2025-12-06,0.0,4.08,an_giang
2025-12-07,0.0,4.59,an_giang
2025-12-08,0.0,4.42,an_giang
2025-12-09,0.3,4.17,an_giang
2025-12-10,11.4,3.62,an_giang
2025-12-11,11.8,3.0,an_giang
2025-12-12,0.1,4.3,an_giang
2025-12-13,9.8,3.92,an_giang
2025-12-14,3.5,3.85,an_giang
2025-12-15,0.0,4.01,an_giang
2025-12-16,0.0,3.85,an_giang
2025-12-17,0.7,3.86,an_giang
2025-12-18,3.1,3.39,an_giang
2025-12-19,0.0,4.37,an_giang
2025-12-20,0.0,4.4,an_giang
2025-12-21,0.4,4.28,an_giang
2025-12-22,0.4,4.17,an_giang
2025-12-23,0.0,3.79,an_giang
2025-12-24,8.5,3.47,an_giang
2025-12-25,9.1,2.64,an_giang
2025-12-26,0.0,3.03,an_giang
2025-12-27,0.0,3.83,an_giang
2025-12-28,0.0,3.98,an_giang
2025-12-29,0.2,4.0,an_giang
2025-12-30,0.0,3.81,an_giang
2025-12-31,0.0,3.96,an_giang
2026-01-01,0.0,3.95,an_giang
2026-01-02,0.0,4.32,an_giang
2026-01-03,0.1,4.41,an_giang
2026-01-04,0.0,4.22,an_giang
2026-01-05,0.0,2.69,an_giang
2026-01-06,9.9,2.7,an_giang
2026-01-07,0.0,3.94,an_giang
2026-01-08,0.4,4.21,an_giang
2026-01-09,0.5,4.24,an_giang
2026-01-10,0.0,4.07,an_giang
2026-01-11,0.0,3.95,an_giang
2026-01-12,0.0,3.94,an_giang
2026-01-13,3.4,3.85,an_giang
2026-01-14,0.1,4.1,an_giang
2026-01-15,0.0,4.11,an_giang
2026-01-16,0.3,3.83,an_giang
2026-01-17,0.0,4.14,an_giang
2026-01-18,0.1,4.16,an_giang
2026-01-19,0.7,4.0,an_giang
2026-01-20,0.2,4.36,an_giang
2026-01-21,0.0,4.63,an_giang
2026-01-22,0.0,4.24,an_giang
2026-01-23,0.0,4.38,an_giang
2026-01-24,0.0,4.21,an_giang
2026-01-25,0.4,4.19,an_giang
2026-01-26,0.2,4.31,an_giang
2026-01-27,0.1,4.19,an_giang
2026-01-28,0.5,4.05,an_giang
2026-01-29,0.0,4.37,an_giang
2026-01-30,0.0,4.32,an_giang
2026-01-31,0.1,4.64,an_giang
2026-02-01,0.0,4.78,an_giang
2026-02-02,0.0,5.04,an_giang
2026-02-03,0.2,4.46,an_giang
2026-02-04,0.6,4.36,an_giang
2026-02-05,0.7,4.43,an_giang
2026-02-06,0.5,4.12,an_giang
2026-02-07,0.3,4.24,an_giang
2026-02-08,0.1,4.25,an_giang
2026-02-09,0.0,4.75,an_giang
2026-02-10,0.0,4.58,an_giang
2026-02-11,3.7,3.32,an_giang
2026-02-12,0.3,4.38,an_giang
2026-02-13,0.4,4.69,an_giang
2026-02-14,4.5,4.08,an_giang
2026-02-15,10.8,3.91,an_giang
2026-02-16,0.0,5.6,an_giang
2026-02-17,0.0,5.83,an_giang
2026-02-18,0.0,5.89,an_giang
2026-02-19,0.0,5.25,an_giang
2026-02-20,0.0,5.08,an_giang
2026-02-21,0.1,4.83,an_giang
2026-02-22,0.1,4.74,an_giang
2026-02-23,0.2,5.03,an_giang
2026-02-24,0.0,4.44,an_giang
2026-02-25,0.0,4.83,an_giang
2026-02-26,10.9,3.25,an_giang
2026-02-27,33.5,2.8,an_giang
2026-02-28,2.7,4.34,an_giang
2026-03-01,6.4,4.48,an_giang
2026-03-02,0.7,4.62,an_giang
2026-03-03,1.3,4.52,an_giang
2026-03-04,1.3,4.85,an_giang
2026-03-05,1.0,4.48,an_giang
2026-03-06,6.1,3.61,an_giang
2026-03-07,2.0,4.54,an_giang
2026-03-08,0.2,4.98,an_giang
2026-03-09,1.3,4.75,an_giang
2026-03-10,1.7,4.78,an_giang
2026-03-11,0.3,4.99,an_giang
2026-03-12,1.3,5.21,an_giang
2026-03-13,3.1,4.55,an_giang
2026-03-14,1.1,4.72,an_giang
2026-03-15,0.9,5.12,an_giang
2026-03-16,0.9,5.51,an_giang
2026-03-17,0.2,5.49,an_giang
2026-03-18,0.0,5.33,an_giang
2026-03-19,0.1,5.07,an_giang
2026-03-20,0.2,5.2,an_giang
2026-03-21,0.2,5.28,an_giang
2026-03-22,0.0,5.48,an_giang
2026-03-23,0.4,5.36,an_giang
2026-03-24,0.0,5.41,an_giang
2026-03-25,0.0,5.79,an_giang
2026-03-26,0.1,5.32,an_giang
2026-03-27,0.0,5.2,an_giang
2026-03-28,0.0,5.48,an_giang
2026-03-29,0.1,5.41,an_giang
2026-03-30,0.5,5.36,an_giang
2026-03-31,0.0,5.4,an_giang
